year,county,avg_price,median_price,num_sales
2010,Carlow,173586.0,158150.0,84
2010,Cavan,153090.0,135000.0,118
2010,Clare,184100.0,160625.0,200
2010,Cork,223536.0,206805.0,816
2010,Donegal,148993.0,130000.0,231
2010,Dublin,325275.0,270000.0,2623
2010,Galway,226472.0,204846.0,313
2010,Kerry,192212.0,175000.0,254
2010,Kildare,237877.0,225000.0,381
2010,Kilkenny,197670.0,160000.0,127
2010,Laois,160751.0,146000.0,132
2010,Leitrim,129513.0,123404.0,46
2010,Limerick,198516.0,175606.0,304
2010,Longford,149420.0,138700.0,51
2010,Louth,207545.0,188696.0,201
2010,Mayo,159663.0,150000.0,142
2010,Meath,222238.0,198238.0,319
2010,Monaghan,165239.0,145000.0,85
2010,Offaly,166306.0,147975.0,94
2010,Roscommon,139457.0,130000.0,107
2010,Sligo,165267.0,149750.0,116
2010,Tipperary,156081.0,150000.0,228
2010,Waterford,193823.0,180000.0,173
2010,Westmeath,159648.0,148000.0,133
2010,Wexford,184538.0,168281.0,236
2010,Wicklow,292951.0,252247.0,263
2011,Carlow,137054.0,120000.0,75
2011,Cavan,135067.0,109866.0,109
2011,Clare,152683.0,135000.0,153
2011,Cork,206837.0,185000.0,771
2011,Donegal,128138.0,115000.0,200
2011,Dublin,302716.0,237885.0,2200
2011,Galway,195263.0,165000.0,333
2011,Kerry,154405.0,140000.0,210
2011,Kildare,207042.0,190000.0,302
2011,Kilkenny,160923.0,132913.0,132
2011,Laois,114387.0,91000.0,106
2011,Leitrim,101818.0,83333.0,69
2011,Limerick,166952.0,160000.0,281
2011,Longford,108633.0,85250.0,38
2011,Louth,149889.0,129500.0,184
2011,Mayo,126332.0,110066.0,168
2011,Meath,209207.0,180000.0,237
2011,Monaghan,121124.0,105000.0,54
2011,Offaly,132580.0,110000.0,83
2011,Roscommon,116403.0,100000.0,74
2011,Sligo,146276.0,100000.0,86
2011,Tipperary,132580.0,125000.0,189
2011,Waterford,153954.0,135000.0,163
2011,Westmeath,136435.0,120000.0,118
2011,Wexford,136349.0,125000.0,246
2011,Wicklow,251948.0,220000.0,225
2012,Carlow,114273.0,105500.0,95
2012,Cavan,103743.0,80000.0,119
2012,Clare,133209.0,115000.0,197
2012,Cork,177415.0,150000.0,958
2012,Donegal,107658.0,94500.0,236
2012,Dublin,273101.0,200000.0,3273
2012,Galway,161999.0,150000.0,383
2012,Kerry,138298.0,123348.0,257
2012,Kildare,190123.0,174500.0,358
2012,Kilkenny,139643.0,121674.0,176
2012,Laois,104722.0,89053.0,148
2012,Leitrim,96217.0,80000.0,59
2012,Limerick,151837.0,127000.0,283
2012,Longford,83097.0,61674.0,73
2012,Louth,124697.0,105000.0,218
2012,Mayo,110112.0,100000.0,205
2012,Meath,174290.0,149670.0,276
2012,Monaghan,114394.0,100418.0,60
2012,Offaly,121114.0,103300.0,118
2012,Roscommon,85914.0,77675.0,110
2012,Sligo,116029.0,90000.0,139
2012,Tipperary,122974.0,86300.0,219
2012,Waterford,120546.0,92500.0,222
2012,Westmeath,107240.0,94000.0,134
2012,Wexford,124019.0,105000.0,343
2012,Wicklow,232827.0,185010.0,290
2013,Carlow,102170.0,88105.0,125
2013,Cavan,86483.0,68750.0,160
2013,Clare,113827.0,94000.0,241
2013,Cork,173820.0,145000.0,1150
2013,Donegal,93159.0,79648.0,272
2013,Dublin,296903.0,220000.0,3733
2013,Galway,156774.0,132000.0,584
2013,Kerry,140590.0,108000.0,289
2013,Kildare,182275.0,164200.0,489
2013,Kilkenny,131137.0,109000.0,176
2013,Laois,110596.0,70000.0,137
2013,Leitrim,69102.0,55000.0,109
2013,Limerick,146102.0,120000.0,317
2013,Longford,62459.0,50000.0,103
2013,Louth,120130.0,100000.0,267
2013,Mayo,107115.0,85000.0,204
2013,Meath,169085.0,135000.0,363
2013,Monaghan,85043.0,68000.0,100
2013,Offaly,98880.0,82500.0,137
2013,Roscommon,80611.0,60000.0,198
2013,Sligo,106408.0,90000.0,139
2013,Tipperary,107140.0,80250.0,276
2013,Waterford,124189.0,110000.0,272
2013,Westmeath,96990.0,80000.0,198
2013,Wexford,118145.0,102000.0,345
2013,Wicklow,243588.0,181458.0,362
2014,Carlow,115328.0,110000.0,149
2014,Cavan,71788.0,60000.0,296
2014,Clare,122232.0,100500.0,360
2014,Cork,171542.0,140000.0,1597
2014,Donegal,81578.0,75000.0,413
2014,Dublin,325270.0,250000.0,5437
2014,Galway,161411.0,140000.0,827
2014,Kerry,118359.0,100000.0,414
2014,Kildare,227474.0,207048.0,691
2014,Kilkenny,128250.0,110000.0,262
2014,Laois,100419.0,85000.0,243
2014,Leitrim,75909.0,57000.0,131
2014,Limerick,123433.0,102500.0,575
2014,Longford,71632.0,55000.0,158
2014,Louth,131841.0,115000.0,386
2014,Mayo,102633.0,86000.0,367
2014,Meath,191097.0,165000.0,592
2014,Monaghan,110390.0,80000.0,116
2014,Offaly,117174.0,102000.0,175
2014,Roscommon,74900.0,59000.0,204
2014,Sligo,118598.0,89934.0,248
2014,Tipperary,116064.0,90000.0,313
2014,Waterford,124224.0,95000.0,394
2014,Westmeath,103565.0,91000.0,304
2014,Wexford,125847.0,112000.0,543
2014,Wicklow,260254.0,220000.0,465
2015,Carlow,125020.0,120000.0,187
2015,Cavan,89866.0,72000.0,290
2015,Clare,125782.0,100000.0,433
2015,Cork,183206.0,158590.0,1889
2015,Donegal,108529.0,90000.0,506
2015,Dublin,338080.0,270000.0,5496
2015,Galway,170317.0,142731.0,993
2015,Kerry,130847.0,111750.0,522
2015,Kildare,240619.0,222000.0,807
2015,Kilkenny,165291.0,136000.0,249
2015,Laois,143314.0,110000.0,231
2015,Leitrim,91945.0,70000.0,197
2015,Limerick,135102.0,105000.0,751
2015,Longford,79283.0,65000.0,173
2015,Louth,147213.0,134146.0,451
2015,Mayo,107236.0,90000.0,465
2015,Meath,212214.0,190000.0,577
2015,Monaghan,107894.0,95000.0,127
2015,Offaly,118944.0,100010.0,179
2015,Roscommon,80294.0,62750.0,250
2015,Sligo,129786.0,96000.0,242
2015,Tipperary,118497.0,100000.0,470
2015,Waterford,133053.0,100000.0,462
2015,Westmeath,117233.0,106000.0,339
2015,Wexford,132496.0,115000.0,561
2015,Wicklow,282145.0,242291.0,489
2016,Carlow,138843.0,135000.0,206
2016,Cavan,112099.0,87225.0,315
2016,Clare,147165.0,132000.0,405
2016,Cork,210184.0,185000.0,2060
2016,Donegal,104318.0,90000.0,509
2016,Dublin,377797.0,298000.0,5630
2016,Galway,177100.0,150000.0,998
2016,Kerry,152028.0,125000.0,572
2016,Kildare,247336.0,244000.0,957
2016,Kilkenny,177951.0,157500.0,256
2016,Laois,126745.0,125000.0,314
2016,Leitrim,89106.0,75000.0,175
2016,Limerick,145204.0,130000.0,677
2016,Longford,81836.0,65000.0,163
2016,Louth,174467.0,152000.0,460
2016,Mayo,111658.0,95000.0,463
2016,Meath,222912.0,205000.0,653
2016,Monaghan,114454.0,100000.0,142
2016,Offaly,113345.0,100000.0,224
2016,Roscommon,94623.0,74000.0,258
2016,Sligo,119759.0,86000.0,271
2016,Tipperary,126220.0,106500.0,464
2016,Waterford,137450.0,115000.0,570
2016,Westmeath,136555.0,120000.0,336
2016,Wexford,152034.0,136000.0,564
2016,Wicklow,306834.0,256388.0,513
2017,Carlow,143173.0,130000.0,203
2017,Cavan,124981.0,100048.0,330
2017,Clare,144034.0,135000.0,458
2017,Cork,221561.0,200000.0,2229
2017,Donegal,115559.0,103000.0,485
2017,Dublin,405638.0,322500.0,6648
2017,Galway,210934.0,180000.0,1048
2017,Kerry,156911.0,135000.0,608
2017,Kildare,271197.0,251764.0,1065
2017,Kilkenny,169633.0,155000.0,292
2017,Laois,150688.0,135000.0,246
2017,Leitrim,111627.0,90000.0,170
2017,Limerick,171232.0,152000.0,706
2017,Longford,99915.0,84000.0,150
2017,Louth,202502.0,172000.0,524
2017,Mayo,127164.0,105000.0,447
2017,Meath,244664.0,235000.0,861
2017,Monaghan,121368.0,100000.0,187
2017,Offaly,139243.0,125000.0,263
2017,Roscommon,116521.0,93113.0,263
2017,Sligo,133717.0,110000.0,273
2017,Tipperary,131998.0,118000.0,565
2017,Waterford,159052.0,135000.0,501
2017,Westmeath,167697.0,145000.0,405
2017,Wexford,159433.0,150725.0,650
2017,Wicklow,322069.0,291250.0,574
2018,Carlow,176638.0,175330.0,257
2018,Cavan,131109.0,120395.0,305
2018,Clare,169119.0,165000.0,433
2018,Cork,245337.0,220000.0,2133
2018,Donegal,115800.0,105000.0,522
2018,Dublin,417006.0,334802.0,6480
2018,Galway,227082.0,197000.0,921
2018,Kerry,160009.0,145000.0,609
2018,Kildare,286684.0,270000.0,1089
2018,Kilkenny,206660.0,180000.0,307
2018,Laois,164050.0,160000.0,304
2018,Leitrim,105894.0,95000.0,161
2018,Limerick,198592.0,175000.0,778
2018,Longford,99466.0,85000.0,161
2018,Louth,203229.0,196500.0,544
2018,Mayo,127899.0,115000.0,455
2018,Meath,258653.0,245750.0,944
2018,Monaghan,131703.0,100000.0,175
2018,Offaly,145228.0,130000.0,277
2018,Roscommon,110988.0,90000.0,293
2018,Sligo,131451.0,98000.0,367
2018,Tipperary,146680.0,128734.0,546
2018,Waterford,180563.0,164000.0,529
2018,Westmeath,174454.0,162902.0,374
2018,Wexford,173388.0,165000.0,694
2018,Wicklow,331451.0,281938.0,633
2019,Carlow,178781.0,174724.0,258
2019,Cavan,149066.0,133375.0,314
2019,Clare,177809.0,170000.0,455
2019,Cork,249523.0,230000.0,2438
2019,Donegal,126336.0,117000.0,592
2019,Dublin,413066.0,337000.0,6814
2019,Galway,246803.0,216000.0,1055
2019,Kerry,181686.0,165000.0,622
2019,Kildare,288650.0,270000.0,1329
2019,Kilkenny,197019.0,179000.0,349
2019,Laois,171129.0,165000.0,362
2019,Leitrim,110066.0,105000.0,197
2019,Limerick,205253.0,180000.0,824
2019,Longford,127415.0,117500.0,176
2019,Louth,208099.0,200000.0,707
2019,Mayo,135557.0,127500.0,503
2019,Meath,274907.0,260000.0,1053
2019,Monaghan,167305.0,152500.0,137
2019,Offaly,161383.0,151500.0,274
2019,Roscommon,126214.0,109000.0,308
2019,Sligo,148499.0,125000.0,340
2019,Tipperary,152318.0,136282.0,658
2019,Waterford,182547.0,167000.0,564
2019,Westmeath,173239.0,156000.0,583
2019,Wexford,186325.0,172000.0,733
2019,Wicklow,348972.0,297000.0,717
2020,Carlow,210371.0,182690.0,188
2020,Cavan,187588.0,135000.0,254
2020,Clare,182765.0,170000.0,400
2020,Cork,254849.0,247776.0,2002
2020,Donegal,137101.0,120000.0,477
2020,Dublin,430494.0,355000.0,5426
2020,Galway,236018.0,214594.0,904
2020,Kerry,196835.0,165000.0,479
2020,Kildare,313220.0,297143.0,1008
2020,Kilkenny,208402.0,188500.0,256
2020,Laois,210565.0,180808.0,268
2020,Leitrim,122070.0,102000.0,147
2020,Limerick,211939.0,195000.0,676
2020,Longford,114032.0,97500.0,150
2020,Louth,220821.0,198106.0,498
2020,Mayo,138482.0,125000.0,451
2020,Meath,285026.0,255507.0,842
2020,Monaghan,135404.0,115000.0,130
2020,Offaly,166187.0,159000.0,225
2020,Roscommon,121635.0,101250.0,268
2020,Sligo,158593.0,133750.0,216
2020,Tipperary,161045.0,150000.0,477
2020,Waterford,208685.0,185000.0,483
2020,Westmeath,190425.0,185000.0,350
2020,Wexford,192698.0,182000.0,701
2020,Wicklow,363862.0,320000.0,642
2021,Carlow,236820.0,170903.0,84
2021,Cavan,144621.0,140000.0,121
2021,Clare,186544.0,172500.0,148
2021,Cork,266752.0,240000.0,791
2021,Donegal,136608.0,111250.0,224
2021,Dublin,449655.0,361233.0,2139
2021,Galway,259370.0,240000.0,374
2021,Kerry,192907.0,179000.0,195
2021,Kildare,335816.0,290749.0,330
2021,Kilkenny,222562.0,210000.0,99
2021,Laois,241683.0,190500.0,152
2021,Leitrim,116365.0,99500.0,60
2021,Limerick,200192.0,175000.0,273
2021,Longford,147358.0,100500.0,97
2021,Louth,241519.0,209000.0,169
2021,Mayo,164738.0,144000.0,175
2021,Meath,300155.0,273128.0,325
2021,Monaghan,136224.0,101322.0,73
2021,Offaly,188694.0,169500.0,95
2021,Roscommon,133251.0,115000.0,120
2021,Sligo,167492.0,142616.0,116
2021,Tipperary,179647.0,172000.0,181
2021,Waterford,195132.0,176166.0,188
2021,Westmeath,204515.0,194000.0,123
2021,Wexford,211763.0,199500.0,282
2021,Wicklow,422381.0,371859.0,290
